title,language
ACADEMY DINOSAUR,English
ACE GOLDFINGER,English
ADAPTATION HOLES,English
AFFAIR PREJUDICE,English
AFRICAN EGG,English
AGENT TRUMAN,English
AIRPLANE SIERRA,English
AIRPORT POLLOCK,English
ALABAMA DEVIL,English
ALADDIN CALENDAR,English
ALAMO VIDEOTAPE,English
ALASKA PHANTOM,English
ALI FOREVER,English
ALICE FANTASIA,English
ALIEN CENTER,English
ALLEY EVOLUTION,English
ALONE TRIP,English
ALTER VICTORY,English
AMADEUS HOLY,English
AMELIE HELLFIGHTERS,English
AMERICAN CIRCUS,English
AMISTAD MIDSUMMER,English
ANACONDA CONFESSIONS,English
ANALYZE HOOSIERS,English
ANGELS LIFE,English
ANNIE IDENTITY,English
ANONYMOUS HUMAN,English
ANTHEM LUKE,English
ANTITRUST TOMATOES,English
ANYTHING SAVANNAH,English
APACHE DIVINE,English
APOCALYPSE FLAMINGOS,English
APOLLO TEEN,English
ARABIA DOGMA,English
ARACHNOPHOBIA ROLLERCOASTER,English
ARGONAUTS TOWN,English
ARIZONA BANG,English
ARK RIDGEMONT,English
ARMAGEDDON LOST,English
ARMY FLINTSTONES,English
ARSENIC INDEPENDENCE,English
ARTIST COLDBLOODED,English
ATLANTIS CAUSE,English
ATTACKS HATE,English
ATTRACTION NEWTON,English
AUTUMN CROW,English
BABY HALL,English
BACKLASH UNDEFEATED,English
BADMAN DAWN,English
BAKED CLEOPATRA,English
BALLOON HOMEWARD,English
BALLROOM MOCKINGBIRD,English
BANG KWAI,English
BANGER PINOCCHIO,English
BARBARELLA STREETCAR,English
BAREFOOT MANCHURIAN,English
BASIC EASY,English
BEACH HEARTBREAKERS,English
BEAR GRACELAND,English
BEAST HUNCHBACK,English
BEAUTY GREASE,English
BED HIGHBALL,English
BEDAZZLED MARRIED,English
BEETHOVEN EXORCIST,English
BEHAVIOR RUNAWAY,English
BENEATH RUSH,English
BERETS AGENT,English
BETRAYED REAR,English
BEVERLY OUTLAW,English
BIKINI BORROWERS,English
BILKO ANONYMOUS,English
BILL OTHERS,English
BINGO TALENTED,English
BIRCH ANTITRUST,English
BIRD INDEPENDENCE,English
BIRDCAGE CASPER,English
BIRDS PERDITION,English
BLACKOUT PRIVATE,English
BLADE POLISH,English
BLANKET BEVERLY,English
BLINDNESS GUN,English
BLOOD ARGONAUTS,English
BLUES INSTINCT,English
BOILED DARES,English
BONNIE HOLOCAUST,English
BOOGIE AMELIE,English
BOONDOCK BALLROOM,English
BORN SPINAL,English
BORROWERS BEDAZZLED,English
BOULEVARD MOB,English
BOUND CHEAPER,English
BOWFINGER GABLES,English
BRANNIGAN SUNRISE,English
BRAVEHEART HUMAN,English
BREAKFAST GOLDFINGER,English
BREAKING HOME,English
BRIDE INTRIGUE,English
BRIGHT ENCOUNTERS,English
BRINGING HYSTERICAL,English
BROOKLYN DESERT,English
BROTHERHOOD BLANKET,English
BUBBLE GROSSE,English
BUCKET BROTHERHOOD,English
BUGSY SONG,English
BULL SHAWSHANK,English
BULWORTH COMMANDMENTS,English
BUNCH MINDS,English
BUTCH PANTHER,English
BUTTERFLY CHOCOLAT,English
CABIN FLASH,English
CADDYSHACK JEDI,English
CALENDAR GUNFIGHT,English
CALIFORNIA BIRDS,English
CAMELOT VACATION,English
CAMPUS REMEMBER,English
CANDIDATE PERDITION,English
CANDLES GRAPES,English
CANYON STOCK,English
CAPER MOTIONS,English
CARIBBEAN LIBERTY,English
CAROL TEXAS,English
CARRIE BUNCH,English
CASABLANCA SUPER,English
CASPER DRAGONFLY,English
CASSIDY WYOMING,English
CASUALTIES ENCINO,English
CAT CONEHEADS,English
CATCH AMISTAD,English
CAUSE DATE,English
CELEBRITY HORN,English
CENTER DINOSAUR,English
CHAINSAW UPTOWN,English
CHAMBER ITALIAN,English
CHAMPION FLATLINERS,English
CHANCE RESURRECTION,English
CHAPLIN LICENSE,English
CHARADE DUFFEL,English
CHARIOTS CONSPIRACY,English
CHASING FIGHT,English
CHEAPER CLYDE,English
CHICAGO NORTH,English
CHICKEN HELLFIGHTERS,English
CHILL LUCK,English
CHINATOWN GLADIATOR,English
CHISUM BEHAVIOR,English
CHITTY LOCK,English
CHOCOLAT HARRY,English
CHOCOLATE DUCK,English
CHRISTMAS MOONSHINE,English
CIDER DESIRE,English
CINCINATTI WHISPERER,English
CIRCUS YOUTH,English
CITIZEN SHREK,English
CLASH FREDDY,English
CLEOPATRA DEVIL,English
CLERKS ANGELS,English
CLOCKWORK PARADISE,English
CLONES PINOCCHIO,English
CLOSER BANG,English
CLUB GRAFFITI,English
CLUE GRAIL,English
CLUELESS BUCKET,English
CLYDE THEORY,English
COAST RAINBOW,English
COLDBLOODED DARLING,English
COLOR PHILADELPHIA,English
COMA HEAD,English
COMANCHEROS ENEMY,English
COMFORTS RUSH,English
COMMAND DARLING,English
COMMANDMENTS EXPRESS,English
CONEHEADS SMOOCHY,English
CONFESSIONS MAGUIRE,English
CONFIDENTIAL INTERVIEW,English
CONFUSED CANDLES,English
CONGENIALITY QUEST,English
CONNECTICUT TRAMP,English
CONNECTION MICROCOSMOS,English
CONQUERER NUTS,English
CONSPIRACY SPIRIT,English
CONTACT ANONYMOUS,English
CONTROL ANTHEM,English
CONVERSATION DOWNHILL,English
CORE SUIT,English
COWBOY DOOM,English
CRAFT OUTFIELD,English
CRANES RESERVOIR,English
CRAZY HOME,English
CREATURES SHAKESPEARE,English
CREEPERS KANE,English
CROOKED FROGMEN,English
CROSSING DIVORCE,English
CROSSROADS CASUALTIES,English
CROW GREASE,English
CROWDS TELEMARK,English
CRUELTY UNFORGIVEN,English
CRUSADE HONEY,English
CRYSTAL BREAKING,English
CUPBOARD SINNERS,English
CURTAIN VIDEOTAPE,English
CYCLONE FAMILY,English
DADDY PITTSBURGH,English
DAISY MENAGERIE,English
DALMATIONS SWEDEN,English
DANCES NONE,English
DANCING FEVER,English
DANGEROUS UPTOWN,English
DARES PLUTO,English
DARKNESS WAR,English
DARKO DORADO,English
DARLING BREAKING,English
DARN FORRESTER,English
DATE SPEED,English
DAUGHTER MADIGAN,English
DAWN POND,English
DAY UNFAITHFUL,English
DAZED PUNK,English
DECEIVER BETRAYED,English
DEEP CRUSADE,English
DEER VIRGINIAN,English
DELIVERANCE MULHOLLAND,English
DESERT POSEIDON,English
DESIRE ALIEN,English
DESPERATE TRAINSPOTTING,English
DESTINATION JERK,English
DESTINY SATURDAY,English
DETAILS PACKER,English
DETECTIVE VISION,English
DEVIL DESIRE,English
DIARY PANIC,English
DINOSAUR SECRETARY,English
DIRTY ACE,English
DISCIPLE MOTHER,English
DISTURBING SCARFACE,English
DIVIDE MONSTER,English
DIVINE RESURRECTION,English
DIVORCE SHINING,English
DOCTOR GRAIL,English
DOGMA FAMILY,English
DOLLS RAGE,English
DONNIE ALLEY,English
DOOM DANCING,English
DOORS PRESIDENT,English
DORADO NOTTING,English
DOUBLE WRATH,English
DOUBTFIRE LABYRINTH,English
DOWNHILL ENOUGH,English
DOZEN LION,English
DRACULA CRYSTAL,English
DRAGON SQUAD,English
DRAGONFLY STRANGERS,English
DREAM PICKUP,English
DRIFTER COMMANDMENTS,English
DRIVER ANNIE,English
DRIVING POLISH,English
DROP WATERFRONT,English
DRUMLINE CYCLONE,English
DRUMS DYNAMITE,English
DUCK RACER,English
DUDE BLINDNESS,English
DUFFEL APOCALYPSE,English
DUMBO LUST,English
DURHAM PANKY,English
DWARFS ALTER,English
DYING MAKER,English
DYNAMITE TARZAN,English
EAGLES PANKY,English
EARLY HOME,English
EARRING INSTINCT,English
EARTH VISION,English
EASY GLADIATOR,English
EDGE KISSING,English
EFFECT GLADIATOR,English
EGG IGBY,English
EGYPT TENENBAUMS,English
ELEMENT FREDDY,English
ELEPHANT TROJAN,English
ELF MURDER,English
ELIZABETH SHANE,English
EMPIRE MALKOVICH,English
ENCINO ELF,English
ENCOUNTERS CURTAIN,English
ENDING CROWDS,English
ENEMY ODDS,English
ENGLISH BULWORTH,English
ENOUGH RAGING,English
ENTRAPMENT SATISFACTION,English
ESCAPE METROPOLIS,English
EVE RESURRECTION,English
EVERYONE CRAFT,English
EVOLUTION ALTER,English
EXCITEMENT EVE,English
EXORCIST STING,English
EXPECATIONS NATURAL,English
EXPENDABLE STALLION,English
EXPRESS LONELY,English
EXTRAORDINARY CONQUERER,English
EYES DRIVING,English
FACTORY DRAGON,English
FALCON VOLUME,English
FAMILY SWEET,English
FANTASIA PARK,English
FANTASY TROOPERS,English
FARGO GANDHI,English
FATAL HAUNTED,English
FEATHERS METAL,English
FELLOWSHIP AUTUMN,English
FERRIS MOTHER,English
FEUD FROGMEN,English
FEVER EMPIRE,English
FICTION CHRISTMAS,English
FIDDLER LOST,English
FIDELITY DEVIL,English
FIGHT JAWBREAKER,English
FINDING ANACONDA,English
FIRE WOLVES,English
FIREBALL PHILADELPHIA,English
FIREHOUSE VIETNAM,English
FISH OPUS,English
FLAMINGOS CONNECTICUT,English
FLASH WARS,English
FLATLINERS KILLER,English
FLIGHT LIES,English
FLINTSTONES HAPPINESS,English
FLOATS GARDEN,English
FLYING HOOK,English
FOOL MOCKINGBIRD,English
FOREVER CANDIDATE,English
FORREST SONS,English
FORRESTER COMANCHEROS,English
FORWARD TEMPLE,English
FRANKENSTEIN STRANGER,English
FREAKY POCUS,English
FREDDY STORM,English
FREEDOM CLEOPATRA,English
FRENCH HOLIDAY,English
FRIDA SLIPPER,English
FRISCO FORREST,English
FROGMEN BREAKING,English
FRONTIER CABIN,English
FROST HEAD,English
FUGITIVE MAGUIRE,English
FULL FLATLINERS,English
FURY MURDER,English
GABLES METROPOLIS,English
GALAXY SWEETHEARTS,English
GAMES BOWFINGER,English
GANDHI KWAI,English
GANGS PRIDE,English
GARDEN ISLAND,English
GASLIGHT CRUSADE,English
GATHERING CALENDAR,English
GENTLEMEN STAGE,English
GHOST GROUNDHOG,English
GHOSTBUSTERS ELF,English
GIANT TROOPERS,English
GILBERT PELICAN,English
GILMORE BOILED,English
GLADIATOR WESTWARD,English
GLASS DYING,English
GLEAMING JAWBREAKER,English
GLORY TRACY,English
GO PURPLE,English
GODFATHER DIARY,English
GOLD RIVER,English
GOLDFINGER SENSIBILITY,English
GOLDMINE TYCOON,English
GONE TROUBLE,English
GOODFELLAS SALUTE,English
GORGEOUS BINGO,English
GOSFORD DONNIE,English
GRACELAND DYNAMITE,English
GRADUATE LORD,English
GRAFFITI LOVE,English
GRAIL FRANKENSTEIN,English
GRAPES FURY,English
GREASE YOUTH,English
GREATEST NORTH,English
GREEDY ROOTS,English
GREEK EVERYONE,English
GRINCH MASSAGE,English
GRIT CLOCKWORK,English
GROOVE FICTION,English
GROSSE WONDERFUL,English
GROUNDHOG UNCUT,English
GUMP DATE,English
GUN BONNIE,English
GUNFIGHT MOON,English
GUNFIGHTER MUSSOLINI,English
GUYS FALCON,English
HALF OUTFIELD,English
HALL CASSIDY,English
HALLOWEEN NUTS,English
HAMLET WISDOM,English
HANDICAP BOONDOCK,English
HANGING DEEP,English
HANKY OCTOBER,English
HANOVER GALAXY,English
HAPPINESS UNITED,English
HARDLY ROBBERS,English
HAROLD FRENCH,English
HARPER DYING,English
HARRY IDAHO,English
HATE HANDICAP,English
HAUNTED ANTITRUST,English
HAUNTING PIANIST,English
HAWK CHILL,English
HEAD STRANGER,English
HEARTBREAKERS BRIGHT,English
HEAVEN FREEDOM,English
HEAVENLY GUN,English
HEAVYWEIGHTS BEAST,English
HEDWIG ALTER,English
HELLFIGHTERS SIERRA,English
HIGH ENCINO,English
HIGHBALL POTTER,English
HILLS NEIGHBORS,English
HOBBIT ALIEN,English
HOCUS FRIDA,English
HOLES BRANNIGAN,English
HOLIDAY GAMES,English
HOLLOW JEOPARDY,English
HOLLYWOOD ANONYMOUS,English
HOLOCAUST HIGHBALL,English
HOLY TADPOLE,English
HOME PITY,English
HOMEWARD CIDER,English
HOMICIDE PEACH,English
HONEY TIES,English
HOOK CHARIOTS,English
HOOSIERS BIRDCAGE,English
HOPE TOOTSIE,English
HORN WORKING,English
HORROR REIGN,English
HOTEL HAPPINESS,English
HOURS RAGE,English
HOUSE DYNAMITE,English
HUMAN GRAFFITI,English
HUNCHBACK IMPOSSIBLE,English
HUNGER ROOF,English
HUNTER ALTER,English
HUNTING MUSKETEERS,English
HURRICANE AFFAIR,English
HUSTLER PARTY,English
HYDE DOCTOR,English
HYSTERICAL GRAIL,English
ICE CROSSING,English
IDAHO LOVE,English
IDENTITY LOVER,English
IDOLS SNATCHERS,English
IGBY MAKER,English
ILLUSION AMELIE,English
IMAGE PRINCESS,English
IMPACT ALADDIN,English
IMPOSSIBLE PREJUDICE,English
INCH JET,English
INDEPENDENCE HOTEL,English
INDIAN LOVE,English
INFORMER DOUBLE,English
INNOCENT USUAL,English
INSECTS STONE,English
INSIDER ARIZONA,English
INSTINCT AIRPORT,English
INTENTIONS EMPIRE,English
INTERVIEW LIAISONS,English
INTOLERABLE INTENTIONS,English
INTRIGUE WORST,English
INVASION CYCLONE,English
IRON MOON,English
ISHTAR ROCKETEER,English
ISLAND EXORCIST,English
ITALIAN AFRICAN,English
JACKET FRISCO,English
JADE BUNCH,English
JAPANESE RUN,English
JASON TRAP,English
JAWBREAKER BROOKLYN,English
JAWS HARRY,English
JEDI BENEATH,English
JEEPERS WEDDING,English
JEKYLL FROGMEN,English
JEOPARDY ENCINO,English
JERICHO MULAN,English
JERK PAYCHECK,English
JERSEY SASSY,English
JET NEIGHBORS,English
JINGLE SAGEBRUSH,English
JOON NORTHWEST,English
JUGGLER HARDLY,English
JUMANJI BLADE,English
JUMPING WRATH,English
JUNGLE CLOSER,English
KANE EXORCIST,English
KARATE MOON,English
KENTUCKIAN GIANT,English
KICK SAVANNAH,English
KILL BROTHERHOOD,English
KILLER INNOCENT,English
KING EVOLUTION,English
KISS GLORY,English
KISSING DOLLS,English
KNOCK WARLOCK,English
KRAMER CHOCOLATE,English
KWAI HOMEWARD,English
LABYRINTH LEAGUE,English
LADY STAGE,English
LADYBUGS ARMAGEDDON,English
LAMBS CINCINATTI,English
LANGUAGE COWBOY,English
LAWLESS VISION,English
LAWRENCE LOVE,English
LEAGUE HELLFIGHTERS,English
LEATHERNECKS DWARFS,English
LEBOWSKI SOLDIERS,English
LEGALLY SECRETARY,English
LEGEND JEDI,English
LESSON CLEOPATRA,English
LIAISONS SWEET,English
LIBERTY MAGNIFICENT,English
LICENSE WEEKEND,English
LIES TREATMENT,English
LIFE TWISTED,English
LIGHTS DEER,English
LION UNCUT,English
LOATHING LEGALLY,English
LOCK REAR,English
LOLA AGENT,English
LOLITA WORLD,English
LONELY ELEPHANT,English
LORD ARIZONA,English
LOSE INCH,English
LOSER HUSTLER,English
LOST BIRD,English
LOUISIANA HARRY,English
LOVE SUICIDES,English
LOVELY JINGLE,English
LOVER TRUMAN,English
LOVERBOY ATTACKS,English
LUCK OPUS,English
LUCKY FLYING,English
LUKE MUMMY,English
LUST LOCK,English
MADIGAN DORADO,English
MADISON TRAP,English
MADNESS ATTACKS,English
MADRE GABLES,English
MAGIC MALLRATS,English
MAGNIFICENT CHITTY,English
MAGNOLIA FORRESTER,English
MAGUIRE APACHE,English
MAIDEN HOME,English
MAJESTIC FLOATS,English
MAKER GABLES,English
MALKOVICH PET,English
MALLRATS UNITED,English
MALTESE HOPE,English
MANCHURIAN CURTAIN,English
MANNEQUIN WORST,English
MARRIED GO,English
MARS ROMAN,English
MASK PEACH,English
MASKED BUBBLE,English
MASSACRE USUAL,English
MASSAGE IMAGE,English
MATRIX SNOWMAN,English
MAUDE MOD,English
MEET CHOCOLATE,English
MEMENTO ZOOLANDER,English
MENAGERIE RUSHMORE,English
MERMAID INSECTS,English
METAL ARMAGEDDON,English
METROPOLIS COMA,English
MICROCOSMOS PARADISE,English
MIDNIGHT WESTWARD,English
MIDSUMMER GROUNDHOG,English
MIGHTY LUCK,English
MILE MULAN,English
MILLION ACE,English
MINDS TRUMAN,English
MINE TITANS,English
MINORITY KISS,English
MIRACLE VIRTUAL,English
MISSION ZOOLANDER,English
MIXED DOORS,English
MOB DUFFEL,English
MOCKINGBIRD HOLLYWOOD,English
MOD SECRETARY,English
MODEL FISH,English
MODERN DORADO,English
MONEY HAROLD,English
MONSOON CAUSE,English
MONSTER SPARTACUS,English
MONTEREY LABYRINTH,English
MONTEZUMA COMMAND,English
MOON BUNCH,English
MOONSHINE CABIN,English
MOONWALKER FOOL,English
MOSQUITO ARMAGEDDON,English
MOTHER OLEANDER,English
MOTIONS DETAILS,English
MOULIN WAKE,English
MOURNING PURPLE,English
MOVIE SHAKESPEARE,English
MULAN MOON,English
MULHOLLAND BEAST,English
MUMMY CREATURES,English
MUPPET MILE,English
MURDER ANTITRUST,English
MUSCLE BRIGHT,English
MUSIC BOONDOCK,English
MUSKETEERS WAIT,English
MUSSOLINI SPOILERS,English
MYSTIC TRUMAN,English
NAME DETECTIVE,English
NASH CHOCOLAT,English
NATIONAL STORY,English
NATURAL STOCK,English
NECKLACE OUTBREAK,English
NEIGHBORS CHARADE,English
NEMO CAMPUS,English
NETWORK PEAK,English
NEWSIES STORY,English
NEWTON LABYRINTH,English
NIGHTMARE CHILL,English
NONE SPIKING,English
NOON PAPI,English
NORTH TEQUILA,English
NORTHWEST POLISH,English
NOTORIOUS REUNION,English
NOTTING SPEAKEASY,English
NOVOCAINE FLIGHT,English
NUTS TIES,English
OCTOBER SUBMARINE,English
ODDS BOOGIE,English
OKLAHOMA JUMANJI,English
OLEANDER CLUE,English
OPEN AFRICAN,English
OPERATION OPERATION,English
OPPOSITE NECKLACE,English
OPUS ICE,English
ORANGE GRAPES,English
ORDER BETRAYED,English
ORIENT CLOSER,English
OSCAR GOLD,English
OTHERS SOUP,English
OUTBREAK DIVINE,English
OUTFIELD MASSACRE,English
OUTLAW HANKY,English
OZ LIAISONS,English
PACIFIC AMISTAD,English
PACKER MADIGAN,English
PAJAMA JAWBREAKER,English
PANIC CLUB,English
PANKY SUBMARINE,English
PANTHER REDS,English
PAPI NECKLACE,English
PARADISE SABRINA,English
PARIS WEEKEND,English
PARK CITIZEN,English
PARTY KNOCK,English
PAST SUICIDES,English
PATHS CONTROL,English
PATIENT SISTER,English
PATRIOT ROMAN,English
PATTON INTERVIEW,English
PAYCHECK WAIT,English
PEACH INNOCENT,English
PEAK FOREVER,English
PEARL DESTINY,English
PELICAN COMFORTS,English
PERDITION FARGO,English
PERFECT GROOVE,English
PERSONAL LADYBUGS,English
PET HAUNTING,English
PHANTOM GLORY,English
PHILADELPHIA WIFE,English
PIANIST OUTFIELD,English
PICKUP DRIVING,English
PILOT HOOSIERS,English
PINOCCHIO SIMON,English
PIRATES ROXANNE,English
PITTSBURGH HUNCHBACK,English
PITY BOUND,English
PIZZA JUMANJI,English
PLATOON INSTINCT,English
PLUTO OLEANDER,English
POCUS PULP,English
POLISH BROOKLYN,English
POLLOCK DELIVERANCE,English
POND SEATTLE,English
POSEIDON FOREVER,English
POTLUCK MIXED,English
POTTER CONNECTICUT,English
PREJUDICE OLEANDER,English
PRESIDENT BANG,English
PRIDE ALAMO,English
PRIMARY GLASS,English
PRINCESS GIANT,English
PRIVATE DROP,English
PRIX UNDEFEATED,English
PSYCHO SHRUNK,English
PULP BEVERLY,English
PUNK DIVORCE,English
PURE RUNNER,English
PURPLE MOVIE,English
QUEEN LUKE,English
QUEST MUSSOLINI,English
QUILLS BULL,English
RACER EGG,English
RAGE GAMES,English
RAGING AIRPLANE,English
RAIDERS ANTITRUST,English
RAINBOW SHOCK,English
RANDOM GO,English
RANGE MOONWALKER,English
REAP UNFAITHFUL,English
REAR TRADING,English
REBEL AIRPORT,English
RECORDS ZORRO,English
REDEMPTION COMFORTS,English
REDS POCUS,English
REEF SALUTE,English
REIGN GENTLEMEN,English
REMEMBER DIARY,English
REQUIEM TYCOON,English
RESERVOIR ADAPTATION,English
RESURRECTION SILVERADO,English
REUNION WITCHES,English
RIDER CADDYSHACK,English
RIDGEMONT SUBMARINE,English
RIGHT CRANES,English
RINGS HEARTBREAKERS,English
RIVER OUTLAW,English
ROAD ROXANNE,English
ROBBERS JOON,English
ROBBERY BRIGHT,English
ROCK INSTINCT,English
ROCKETEER MOTHER,English
ROCKY WAR,English
ROLLERCOASTER BRINGING,English
ROMAN PUNK,English
ROOF CHAMPION,English
ROOM ROMAN,English
ROOTS REMEMBER,English
ROSES TREASURE,English
ROUGE SQUAD,English
ROXANNE REBEL,English
RUGRATS SHAKESPEARE,English
RULES HUMAN,English
RUN PACIFIC,English
RUNAWAY TENENBAUMS,English
RUNNER MADIGAN,English
RUSH GOODFELLAS,English
RUSHMORE MERMAID,English
SABRINA MIDNIGHT,English
SADDLE ANTITRUST,English
SAGEBRUSH CLUELESS,English
SAINTS BRIDE,English
SALUTE APOLLO,English
SAMURAI LION,English
SANTA PARIS,English
SASSY PACKER,English
SATISFACTION CONFIDENTIAL,English
SATURDAY LAMBS,English
SATURN NAME,English
SAVANNAH TOWN,English
SCALAWAG DUCK,English
SCARFACE BANG,English
SCHOOL JACKET,English
SCISSORHANDS SLUMS,English
SCORPION APOLLO,English
SEA VIRGIN,English
SEABISCUIT PUNK,English
SEARCHERS WAIT,English
SEATTLE EXPECATIONS,English
SECRET GROUNDHOG,English
SECRETARY ROUGE,English
SECRETS PARADISE,English
SENSE GREEK,English
SENSIBILITY REAR,English
SEVEN SWARM,English
SHAKESPEARE SADDLE,English
SHANE DARKNESS,English
SHANGHAI TYCOON,English
SHAWSHANK BUBBLE,English
SHEPHERD MIDSUMMER,English
SHINING ROSES,English
SHIP WONDERLAND,English
SHOCK CABIN,English
SHOOTIST SUPERFLY,English
SHOW LORD,English
SHREK LICENSE,English
SHRUNK DIVINE,English
SIDE ARK,English
SIEGE MADRE,English
SIERRA DIVIDE,English
SILENCE KANE,English
SILVERADO GOLDFINGER,English
SIMON NORTH,English
SINNERS ATLANTIS,English
SISTER FREDDY,English
SKY MIRACLE,English
SLACKER LIAISONS,English
SLEEPING SUSPECTS,English
SLEEPLESS MONSOON,English
SLEEPY JAPANESE,English
SLEUTH ORIENT,English
SLING LUKE,English
SLIPPER FIDELITY,English
SLUMS DUCK,English
SMILE EARRING,English
SMOKING BARBARELLA,English
SMOOCHY CONTROL,English
SNATCH SLIPPER,English
SNATCHERS MONTEZUMA,English
SNOWMAN ROLLERCOASTER,English
SOLDIERS EVOLUTION,English
SOMETHING DUCK,English
SONG HEDWIG,English
SONS INTERVIEW,English
SORORITY QUEEN,English
SOUP WISDOM,English
SOUTH WAIT,English
SPARTACUS CHEAPER,English
SPEAKEASY DATE,English
SPEED SUIT,English
SPICE SORORITY,English
SPIKING ELEMENT,English
SPINAL ROCKY,English
SPIRIT FLINTSTONES,English
SPIRITED CASUALTIES,English
SPLASH GUMP,English
SPLENDOR PATTON,English
SPOILERS HELLFIGHTERS,English
SPY MILE,English
SQUAD FISH,English
STAGE WORLD,English
STAGECOACH ARMAGEDDON,English
STALLION SUNDANCE,English
STAMPEDE DISTURBING,English
STAR OPERATION,English
STATE WASTELAND,English
STEEL SANTA,English
STEERS ARMAGEDDON,English
STEPMOM DREAM,English
STING PERSONAL,English
STOCK GLASS,English
STONE FIRE,English
STORM HAPPINESS,English
STORY SIDE,English
STRAIGHT HOURS,English
STRANGELOVE DESIRE,English
STRANGER STRANGERS,English
STRANGERS GRAFFITI,English
STREAK RIDGEMONT,English
STREETCAR INTENTIONS,English
STRICTLY SCARFACE,English
SUBMARINE BED,English
SUGAR WONKA,English
SUICIDES SILENCE,English
SUIT WALLS,English
SUMMER SCARFACE,English
SUN CONFESSIONS,English
SUNDANCE INVASION,English
SUNRISE LEAGUE,English
SUNSET RACER,English
SUPER WYOMING,English
SUPERFLY TRIP,English
SUSPECTS QUILLS,English
SWARM GOLD,English
SWEDEN SHINING,English
SWEET BROTHERHOOD,English
SWEETHEARTS SUSPECTS,English
TADPOLE PARK,English
TALENTED HOMICIDE,English
TARZAN VIDEOTAPE,English
TAXI KICK,English
TEEN APOLLO,English
TELEGRAPH VOYAGE,English
TELEMARK HEARTBREAKERS,English
TEMPLE ATTRACTION,English
TENENBAUMS COMMAND,English
TEQUILA PAST,English
TERMINATOR CLUB,English
TEXAS WATCH,English
THEORY MERMAID,English
THIEF PELICAN,English
THIN SAGEBRUSH,English
TIES HUNGER,English
TIGHTS DAWN,English
TIMBERLAND SKY,English
TITANIC BOONDOCK,English
TITANS JERK,English
TOMATOES HELLFIGHTERS,English
TOMORROW HUSTLER,English
TOOTSIE PILOT,English
TORQUE BOUND,English
TOURIST PELICAN,English
TOWERS HURRICANE,English
TOWN ARK,English
TRACY CIDER,English
TRADING PINOCCHIO,English
TRAFFIC HOBBIT,English
TRAIN BUNCH,English
TRAINSPOTTING STRANGERS,English
TRAMP OTHERS,English
TRANSLATION SUMMER,English
TRAP GUYS,English
TREASURE COMMAND,English
TREATMENT JEKYLL,English
TRIP NEWTON,English
TROJAN TOMORROW,English
TROOPERS METAL,English
TROUBLE DATE,English
TRUMAN CRAZY,English
TURN STAR,English
TUXEDO MILE,English
TWISTED PIRATES,English
TYCOON GATHERING,English
UNBREAKABLE KARATE,English
UNCUT SUICIDES,English
UNDEFEATED DALMATIONS,English
UNFAITHFUL KILL,English
UNFORGIVEN ZOOLANDER,English
UNITED PILOT,English
UNTOUCHABLES SUNRISE,English
UPRISING UPTOWN,English
UPTOWN YOUNG,English
USUAL UNTOUCHABLES,English
VACATION BOONDOCK,English
VALENTINE VANISHING,English
VALLEY PACKER,English
VAMPIRE WHALE,English
VANILLA DAY,English
VANISHED GARDEN,English
VANISHING ROCKY,English
VARSITY TRIP,English
VELVET TERMINATOR,English
VERTIGO NORTHWEST,English
VICTORY ACADEMY,English
VIDEOTAPE ARSENIC,English
VIETNAM SMOOCHY,English
VILLAIN DESPERATE,English
VIRGIN DAISY,English
VIRGINIAN PLUTO,English
VIRTUAL SPOILERS,English
VISION TORQUE,English
VOICE PEACH,English
VOLCANO TEXAS,English
VOLUME HOUSE,English
VOYAGE LEGALLY,English
WAGON JAWS,English
WAIT CIDER,English
WAKE JAWS,English
WALLS ARTIST,English
WANDA CHAMBER,English
WAR NOTTING,English
WARDROBE PHANTOM,English
WARLOCK WEREWOLF,English
WARS PLUTO,English
WASH HEAVENLY,English
WASTELAND DIVINE,English
WATCH TRACY,English
WATERFRONT DELIVERANCE,English
WATERSHIP FRONTIER,English
WEDDING APOLLO,English
WEEKEND PERSONAL,English
WEREWOLF LOLA,English
WEST LION,English
WESTWARD SEABISCUIT,English
WHALE BIKINI,English
WHISPERER GIANT,English
WIFE TURN,English
WILD APOLLO,English
WILLOW TRACY,English
WIND PHANTOM,English
WINDOW SIDE,English
WISDOM WORKER,English
WITCHES PANIC,English
WIZARD COLDBLOODED,English
WOLVES DESIRE,English
WOMEN DORADO,English
WON DARES,English
WONDERFUL DROP,English
WONDERLAND CHRISTMAS,English
WONKA SEA,English
WORDS HUNTER,English
WORKER TARZAN,English
WORKING MICROCOSMOS,English
WORLD LEATHERNECKS,English
WORST BANGER,English
WRATH MILE,English
WRONG BEHAVIOR,English
WYOMING STORM,English
YENTL IDAHO,English
YOUNG LANGUAGE,English
YOUTH KICK,English
ZHIVAGO CORE,English
ZOOLANDER FICTION,English
ZORRO ARK,English
