first_name,last_name,rental_count
MARY,SMITH,32
PATRICIA,JOHNSON,27
LINDA,WILLIAMS,26
BARBARA,JONES,22
ELIZABETH,BROWN,38
JENNIFER,DAVIS,28
MARIA,MILLER,33
SUSAN,WILSON,24
MARGARET,MOORE,23
DOROTHY,TAYLOR,25
LISA,ANDERSON,24
NANCY,THOMAS,28
KAREN,JACKSON,27
BETTY,WHITE,28
HELEN,HARRIS,32
SANDRA,MARTIN,28
DONNA,THOMPSON,21
CAROL,GARCIA,22
RUTH,MARTINEZ,24
SHARON,ROBINSON,30
MICHELLE,CLARK,35
LAURA,RODRIGUEZ,22
SARAH,LEWIS,30
KIMBERLY,LEE,25
DEBORAH,WALKER,29
JESSICA,HALL,34
SHIRLEY,ALLEN,31
CYNTHIA,YOUNG,32
ANGELA,HERNANDEZ,36
MELISSA,KING,34
BRENDA,WRIGHT,26
AMY,LOPEZ,29
ANNA,HILL,21
REBECCA,SCOTT,24
VIRGINIA,GREEN,32
KATHLEEN,ADAMS,27
PAMELA,BAKER,23
MARTHA,GONZALEZ,34
DEBRA,NELSON,29
AMANDA,CARTER,27
STEPHANIE,MITCHELL,25
CAROLYN,PEREZ,30
CHRISTINE,ROBERTS,24
MARIE,TURNER,26
JANET,PHILLIPS,27
CATHERINE,CAMPBELL,34
FRANCES,PARKER,22
ANN,EVANS,17
JOYCE,EDWARDS,28
DIANE,COLLINS,35
ALICE,STEWART,33
JULIE,SANCHEZ,29
HEATHER,MORRIS,30
TERESA,ROGERS,29
DORIS,REED,22
GLORIA,COOK,30
EVELYN,MORGAN,28
JEAN,BELL,27
CHERYL,MURPHY,27
MILDRED,BAILEY,25
KATHERINE,RIVERA,14
JOAN,COOPER,23
ASHLEY,RICHARDSON,25
JUDITH,COX,33
ROSE,HOWARD,22
JANICE,WARD,34
KELLY,TORRES,22
NICOLE,PETERSON,22
JUDY,GRAY,25
CHRISTINA,RAMIREZ,18
KATHY,JAMES,30
THERESA,WATSON,30
BEVERLY,BROOKS,24
DENISE,KELLY,27
TAMMY,SANDERS,41
IRENE,PRICE,23
JANE,BENNETT,28
LORI,WOOD,31
RACHEL,BARNES,22
MARILYN,ROSS,30
ANDREA,HENDERSON,22
KATHRYN,COLEMAN,26
LOUISE,JENKINS,25
SARA,PERRY,33
ANNE,POWELL,23
JACQUELINE,LONG,33
WANDA,PATTERSON,30
BONNIE,HUGHES,21
JULIA,FLORES,32
RUBY,WASHINGTON,28
LOIS,BUTLER,35
TINA,SIMMONS,28
PHYLLIS,FOSTER,23
NORMA,GONZALES,21
PAULA,BRYANT,18
DIANA,ALEXANDER,27
ANNIE,RUSSELL,18
LILLIAN,GRIFFIN,25
EMILY,DIAZ,24
ROBIN,HAYES,24
PEGGY,MYERS,24
CRYSTAL,FORD,33
GLADYS,HAMILTON,31
RITA,GRAHAM,24
DAWN,SULLIVAN,26
CONNIE,WALLACE,23
FLORENCE,WOODS,30
TRACY,COLE,30
EDNA,WEST,26
TIFFANY,JORDAN,14
CARMEN,OWENS,26
ROSA,REYNOLDS,30
CINDY,FISHER,29
GRACE,ELLIS,33
WENDY,HARRISON,30
VICTORIA,GIBSON,27
EDITH,MCDONALD,19
KIM,CRUZ,21
SHERRY,MARSHALL,34
SYLVIA,ORTIZ,32
JOSEPHINE,GOMEZ,26
THELMA,MURRAY,32
SHANNON,FREEMAN,24
SHEILA,WELLS,18
ETHEL,WEBB,32
ELLEN,SIMPSON,28
ELAINE,STEVENS,24
MARJORIE,TUCKER,32
CARRIE,PORTER,34
CHARLOTTE,HUNTER,24
MONICA,HICKS,30
ESTHER,CRAWFORD,28
PAULINE,HENRY,27
EMMA,BOYD,23
JUANITA,MASON,30
ANITA,MORALES,15
RHONDA,KENNEDY,39
HAZEL,WARREN,34
AMBER,DIXON,27
EVA,RAMOS,18
DEBBIE,REYES,32
APRIL,BURNS,26
LESLIE,GORDON,22
CLARA,SHAW,42
LUCILLE,HOLMES,28
JAMIE,RICE,29
JOANNE,ROBERTSON,34
ELEANOR,HUNT,46
VALERIE,BLACK,26
DANIELLE,DANIELS,25
MEGAN,PALMER,27
ALICIA,MILLS,21
SUZANNE,NICHOLS,24
MICHELE,GRANT,30
GAIL,KNIGHT,25
BERTHA,FERGUSON,25
DARLENE,ROSE,31
VERONICA,STONE,32
JILL,HAWKINS,21
ERIN,DUNN,27
GERALDINE,PERKINS,30
LAUREN,HUDSON,20
CATHY,SPENCER,29
JOANN,GARDNER,16
LORRAINE,STEPHENS,21
LYNN,PAYNE,28
SALLY,PIERCE,32
REGINA,BERRY,34
ERICA,MATTHEWS,22
BEATRICE,ARNOLD,26
DOLORES,WAGNER,26
BERNICE,WILLIS,33
AUDREY,RAY,29
YVONNE,WATKINS,21
ANNETTE,OLSON,24
JUNE,CARROLL,37
SAMANTHA,DUNCAN,23
MARION,SNYDER,39
DANA,HART,29
STACY,CUNNINGHAM,23
ANA,BRADLEY,34
RENEE,LANE,26
IDA,ANDREWS,23
VIVIAN,RUIZ,23
ROBERTA,HARPER,23
HOLLY,FOX,31
BRITTANY,RILEY,28
MELANIE,ARMSTRONG,25
LORETTA,CARPENTER,22
YOLANDA,WEAVER,27
JEANETTE,GREENE,20
LAURIE,LAWRENCE,23
KATIE,ELLIOTT,25
KRISTEN,CHAVEZ,18
VANESSA,SIMS,19
ALMA,AUSTIN,35
SUE,PETERS,40
ELSIE,KELLEY,37
BETH,FRANKLIN,25
JEANNE,LAWSON,27
VICKI,FIELDS,25
CARLA,GUTIERREZ,26
TARA,RYAN,20
ROSEMARY,SCHMIDT,35
EILEEN,CARR,18
TERRI,VASQUEZ,27
GERTRUDE,CASTILLO,34
LUCY,WHEELER,26
TONYA,CHAPMAN,32
ELLA,OLIVER,31
STACEY,MONTGOMERY,34
WILMA,RICHARDS,20
GINA,WILLIAMSON,28
KRISTIN,JOHNSTON,31
JESSIE,BANKS,26
NATALIE,MEYER,23
AGNES,BISHOP,23
VERA,MCCOY,18
WILLIE,HOWELL,26
CHARLENE,ALVAREZ,27
BESSIE,MORRISON,28
DELORES,HANSEN,21
MELINDA,FERNANDEZ,17
PEARL,GARZA,22
ARLENE,HARVEY,26
MAUREEN,LITTLE,21
COLLEEN,BURTON,24
ALLISON,STANLEY,27
TAMARA,NGUYEN,25
JOY,GEORGE,33
GEORGIA,JACOBS,26
CONSTANCE,REID,25
LILLIE,KIM,23
CLAUDIA,FULLER,26
JACKIE,LYNCH,25
MARCIA,DEAN,42
TANYA,GILBERT,33
NELLIE,GARRETT,21
MINNIE,ROMERO,34
MARLENE,WELCH,26
HEIDI,LARSON,34
GLENDA,FRAZIER,32
LYDIA,BURKE,24
VIOLA,HANSON,32
COURTNEY,DAY,32
MARIAN,MENDOZA,23
STELLA,MORENO,22
CAROLINE,BOWMAN,15
DORA,MEDINA,23
JO,FOWLER,20
VICKIE,BREWER,31
MATTIE,HOFFMAN,22
TERRY,CARLSON,29
MAXINE,SILVA,32
IRMA,PEARSON,18
MABEL,HOLLAND,30
MARSHA,DOUGLAS,37
MYRTLE,FLEMING,24
LENA,JENSEN,32
CHRISTY,VARGAS,31
DEANNA,BYRD,26
PATSY,DAVIDSON,28
HILDA,HOPKINS,29
GWENDOLYN,MAY,25
JENNIE,TERRY,29
NORA,HERRERA,28
MARGIE,WADE,36
NINA,SOTO,29
CASSANDRA,WALTERS,30
LEAH,CURTIS,25
PENNY,NEAL,18
KAY,CALDWELL,20
PRISCILLA,LOWE,35
NAOMI,JENNINGS,35
CAROLE,BARNETT,30
BRANDY,GRAVES,28
OLGA,JIMENEZ,32
BILLIE,HORTON,26
DIANNE,SHELTON,31
TRACEY,BARRETT,27
LEONA,OBRIEN,14
JENNY,CASTRO,27
FELICIA,SUTTON,28
SONIA,GREGORY,28
MIRIAM,MCKINNEY,26
VELMA,LUCAS,27
BECKY,MILES,29
BOBBIE,CRAIG,24
VIOLET,RODRIQUEZ,30
KRISTINA,CHAMBERS,28
TONI,HOLT,23
MISTY,LAMBERT,27
MAE,FLETCHER,31
SHELLY,WATTS,26
DAISY,BATES,38
RAMONA,HALE,30
SHERRI,RHODES,33
ERIKA,PENA,26
JAMES,GANNON,30
JOHN,FARNSWORTH,31
ROBERT,BAUGHMAN,21
MICHAEL,SILVERMAN,29
WILLIAM,SATTERFIELD,26
DAVID,ROYAL,26
RICHARD,MCCRARY,25
CHARLES,KOWALSKI,32
JOSEPH,JOY,30
THOMAS,GRIGSBY,25
CHRISTOPHER,GRECO,31
DANIEL,CABRAL,20
PAUL,TROUT,23
MARK,RINEHART,26
DONALD,MAHON,23
GEORGE,LINTON,33
KENNETH,GOODEN,17
STEVEN,CURLEY,29
EDWARD,BAUGH,28
BRIAN,WYMAN,12
RONALD,WEINER,30
ANTHONY,SCHWAB,20
KEVIN,SCHULER,22
JASON,MORRISSEY,28
MATTHEW,MAHAN,31
GARY,COY,25
TIMOTHY,BUNN,22
JOSE,ANDREW,25
LARRY,THRASHER,26
JEFFREY,SPEAR,23
FRANK,WAGGONER,32
SCOTT,SHELLEY,25
ERIC,ROBERT,27
STEPHEN,QUALLS,28
ANDREW,PURDY,27
RAYMOND,MCWHORTER,30
GREGORY,MAULDIN,23
JOSHUA,MARK,30
JERRY,JORDON,29
DENNIS,GILMAN,28
WALTER,PERRYMAN,30
PATRICK,NEWSOM,31
PETER,MENARD,23
HAROLD,MARTINO,32
DOUGLAS,GRAF,25
HENRY,BILLINGSLEY,18
CARL,ARTIS,23
ARTHUR,SIMPKINS,32
RYAN,SALISBURY,30
ROGER,QUINTANILLA,36
JOE,GILLILAND,29
JUAN,FRALEY,23
JACK,FOUST,24
ALBERT,CROUSE,23
JONATHAN,SCARBOROUGH,18
JUSTIN,NGO,36
TERRY,GRISSOM,20
GERALD,FULTZ,30
KEITH,RICO,26
SAMUEL,MARLOW,21
WILLIE,MARKHAM,25
RALPH,MADRIGAL,34
LAWRENCE,LAWTON,31
NICHOLAS,BARFIELD,32
ROY,WHITING,29
BENJAMIN,VARNEY,23
BRUCE,SCHWARZ,23
BRANDON,HUEY,37
ADAM,GOOCH,22
HARRY,ARCE,35
FRED,WHEAT,25
WAYNE,TRUONG,19
BILLY,POULIN,35
STEVE,MACKENZIE,34
LOUIS,LEONE,35
JEREMY,HURTADO,28
AARON,SELBY,24
RANDY,GAITHER,28
HOWARD,FORTNER,26
EUGENE,CULPEPPER,19
CARLOS,COUGHLIN,23
RUSSELL,BRINSON,36
BOBBY,BOUDREAU,35
VICTOR,BARKLEY,24
MARTIN,BALES,27
ERNEST,STEPP,25
PHILLIP,HOLM,26
TODD,TAN,29
JESSE,SCHILLING,26
CRAIG,MORRELL,30
ALAN,KAHN,26
SHAWN,HEATON,33
CLARENCE,GAMEZ,30
SEAN,DOUGLASS,23
PHILIP,CAUSEY,31
CHRIS,BROTHERS,22
JOHNNY,TURPIN,19
EARL,SHANKS,27
JIMMY,SCHRADER,29
ANTONIO,MEEK,16
DANNY,ISOM,21
BRYAN,HARDISON,28
TONY,CARRANZA,21
LUIS,YANEZ,20
MIKE,WAY,35
STANLEY,SCROGGINS,30
LEONARD,SCHOFIELD,32
NATHAN,RUNYON,32
DALE,RATCLIFF,27
MANUEL,MURRELL,30
RODNEY,MOELLER,23
CURTIS,IRBY,38
NORMAN,CURRIER,26
ALLEN,BUTTERFIELD,21
MARVIN,YEE,21
VINCENT,RALSTON,25
GLENN,PULLEN,23
JEFFERY,PINSON,31
TRAVIS,ESTEP,25
JEFF,EAST,30
CHAD,CARBONE,25
JACOB,LANCE,21
LEE,HAWKS,27
MELVIN,ELLINGTON,26
ALFRED,CASILLAS,26
KYLE,SPURLOCK,30
FRANCIS,SIKES,26
BRADLEY,MOTLEY,27
JESUS,MCCARTNEY,24
HERBERT,KRUGER,20
FREDERICK,ISBELL,21
RAY,HOULE,22
JOEL,FRANCISCO,23
EDWIN,BURK,23
DON,BONE,25
EDDIE,TOMLIN,27
RICKY,SHELBY,25
TROY,QUIGLEY,30
RANDALL,NEUMANN,23
BARRY,LOVELACE,33
ALEXANDER,FENNELL,36
BERNARD,COLBY,22
MARIO,CHEATHAM,28
LEROY,BUSTAMANTE,32
FRANCISCO,SKIDMORE,22
MARCUS,HIDALGO,30
MICHEAL,FORMAN,26
THEODORE,CULP,31
CLIFFORD,BOWENS,29
MIGUEL,BETANCOURT,29
OSCAR,AQUINO,20
JAY,ROBB,26
JIM,REA,33
TOM,MILNER,32
CALVIN,MARTEL,23
ALEX,GRESHAM,33
JON,WILES,24
RONNIE,RICKETTS,25
BILL,GAVIN,28
LLOYD,DOWD,19
TOMMY,COLLAZO,38
LEON,BOSTIC,25
DEREK,BLAKELY,28
WARREN,SHERROD,33
DARRELL,POWER,25
JEROME,KENYON,16
FLOYD,GANDY,17
LEO,EBERT,23
ALVIN,DELOACH,29
TIM,CARY,39
WESLEY,BULL,40
GORDON,ALLARD,32
DEAN,SAUER,27
GREG,ROBINS,30
JORGE,OLIVARES,34
DUSTIN,GILLETTE,26
PEDRO,CHESTNUT,24
DERRICK,BOURQUE,22
DAN,PAINE,22
LEWIS,LYMAN,19
ZACHARY,HITE,31
COREY,HAUSER,22
HERMAN,DEVORE,29
MAURICE,CRAWLEY,29
VERNON,CHAPA,18
ROBERTO,VU,30
CLYDE,TOBIAS,29
GLEN,TALBERT,26
HECTOR,POINDEXTER,26
SHANE,MILLARD,22
RICARDO,MEADOR,21
SAM,MCDUFFIE,24
RICK,MATTOX,27
LESTER,KRAUS,16
BRENT,HARKINS,23
RAMON,CHOATE,31
CHARLIE,BESS,26
TYLER,WREN,21
GILBERT,SLEDGE,28
GENE,SANBORN,27
MARC,OUTLAW,30
REGINALD,KINDER,28
RUBEN,GEARY,21
BRETT,CORNWELL,34
ANGEL,BARCLAY,32
NATHANIEL,ADAM,28
RAFAEL,ABNEY,21
LESLIE,SEWARD,35
EDGAR,RHOADS,25
MILTON,HOWLAND,25
RAUL,FORTIER,20
BEN,EASTER,26
CHESTER,BENNER,24
CECIL,VINES,26
DUANE,TUBBS,31
FRANKLIN,TROUTMAN,22
ANDRE,RAPP,28
ELMER,NOE,26
BRAD,MCCURDY,25
GABRIEL,HARDER,26
RON,DELUCA,23
MITCHELL,WESTMORELAND,32
ROLAND,SOUTH,23
ARNOLD,HAVENS,33
HARVEY,GUAJARDO,22
JARED,ELY,19
ADRIAN,CLARY,19
KARL,SEAL,45
CORY,MEEHAN,24
CLAUDE,HERZOG,25
ERIK,GUILLEN,29
DARRYL,ASHCRAFT,23
JAMIE,WAUGH,25
NEIL,RENNER,32
JESSIE,MILAM,33
CHRISTIAN,JUNG,24
JAVIER,ELROD,32
FERNANDO,CHURCHILL,25
CLINTON,BUFORD,25
TED,BREAUX,29
MATHEW,BOLIN,22
TYRONE,ASHER,24
DARREN,WINDHAM,24
LONNIE,TIRADO,18
LANCE,PEMBERTON,22
CODY,NOLEN,22
JULIO,NOLAND,21
KELLY,KNOTT,25
KURT,EMMONS,23
ALLAN,CORNISH,19
NELSON,CHRISTENSON,20
GUY,BROWNLEE,32
CLAYTON,BARBEE,26
HUGH,WALDROP,21
MAX,PITT,24
DWAYNE,OLVERA,22
DWIGHT,LOMBARDI,17
ARMANDO,GRUBER,21
FELIX,GAFFNEY,24
JIMMIE,EGGLESTON,28
EVERETT,BANDA,28
JORDAN,ARCHULETA,30
IAN,STILL,27
WALLACE,SLONE,25
KEN,PREWITT,29
BOB,PFEIFFER,24
JAIME,NETTLES,29
CASEY,MENA,34
ALFREDO,MCADAMS,20
ALBERTO,HENNING,21
DAVE,GARDINER,32
IVAN,CROMWELL,26
JOHNNIE,CHISHOLM,24
SIDNEY,BURLESON,25
BYRON,BOX,29
JULIAN,VEST,28
ISAAC,OGLESBY,29
MORRIS,MCCARTER,34
CLIFTON,MALCOLM,27
WILLARD,LUMPKIN,22
DARYL,LARUE,27
ROSS,GREY,27
VIRGIL,WOFFORD,27
ANDY,VANHORN,25
MARSHALL,THORN,23
SALVADOR,TEEL,30
PERRY,SWAFFORD,24
KIRK,STCLAIR,19
SERGIO,STANFIELD,26
MARION,OCAMPO,29
TRACY,HERRMANN,28
SETH,HANNON,25
KENT,ARSENAULT,27
TERRANCE,ROUSH,29
RENE,MCALISTER,26
EDUARDO,HIATT,27
TERRENCE,GUNDERSON,30
ENRIQUE,FORSYTHE,28
FREDDIE,DUGGAN,25
WADE,DELVALLE,22
AUSTIN,CINTRON,19
